rule_id,test_id,priority,module,entrypoint_job,service,postgres_target,test_level,test_file,test_title,source_scenario,expected,spec_status,implementation_status
LOT-GOV-001,TST-GOV-001,P0,platform / authorization,Todos los comandos y consultas sensibles,AuthorizationPolicy + servicios de dominio,"sessions, roles, permissions y lectura autoritativa del recurso; el body no controla role, mode, balance ni status",API-E2E + PG,apps/api/test/postgres/rules/gov/lot-gov-001.pg-spec.ts,"[LOT-GOV-001] Alterar rol, saldo, hora o estado desde web/móvil y enviar la petición.","Alterar rol, saldo, hora o estado desde web/móvil y enviar la petición.",La API ignora los datos manipulados y responde con el estado autoritativo o un error de dominio.,DISEÑADA,PENDIENTE_IMPLEMENTACION
LOT-GOV-002,TST-GOV-002,P0,platform / persistence,Reinicio API/worker + reconciliación,LedgerReconciliationService,"ledger_transactions, ledger_entries, wallet_balance_projections, tickets, draw_results, scheduled_jobs",WORKER-PG + RESILIENCIA,apps/worker/test/rules/gov/lot-gov-002.e2e-spec.ts,[LOT-GOV-002] Vaciar Redis y reiniciar API/worker después de operaciones confirmadas.,Vaciar Redis y reiniciar API/worker después de operaciones confirmadas.,"Saldos, boletos, solicitudes, resultados y pagos permanecen íntegros y reconstruibles.",DISEÑADA,PENDIENTE_IMPLEMENTACION
LOT-GOV-003,TST-GOV-003,P0,platform / idempotency,Repetición paralela de comando crítico,IdempotencyService,"idempotency_keys, request_hash, UNIQUE de efectos de negocio y transacción SQL",PG-CONCURRENCY + API-E2E,apps/api/test/postgres/concurrency/lot-gov-003.pg-spec.ts,[LOT-GOV-003] Enviar la misma petición en paralelo y repetirla después de un timeout.,Enviar la misma petición en paralelo y repetirla después de un timeout.,Existe un único efecto económico y todas las respuestas posteriores refieren al mismo resultado.,DISEÑADA,PENDIENTE_IMPLEMENTACION
LOT-GOV-004,TST-GOV-004,P0,platform / history,UPDATE/DELETE directo + comando compensatorio,ImmutabilityPolicy,"triggers/permisos sobre ledger, tickets, snapshots, results, reports y audit_events",PG-INTEGRATION,apps/api/test/postgres/rules/gov/lot-gov-004.pg-spec.ts,"[LOT-GOV-004] Intentar editar un asiento confirmado, boleto pagado o resultado fijado.","Intentar editar un asiento confirmado, boleto pagado o resultado fijado.",La modificación directa se rechaza; solo se permite una corrección trazable separada.,DISEÑADA,PENDIENTE_IMPLEMENTACION
LOT-GOV-005,TST-GOV-005,P0,platform / time,Comandos con reloj del dispositivo manipulado,ServerClockPolicy,"TIMESTAMPTZ, NOW()/clock_timestamp(), checks de apertura/cierre/expiración",API-E2E + PG,apps/api/test/postgres/rules/gov/lot-gov-005.pg-spec.ts,[LOT-GOV-005] Cambiar la hora del dispositivo durante una reserva o cierre.,Cambiar la hora del dispositivo durante una reserva o cierre.,La expiración y el cierre no cambian por la hora local manipulada.,DISEÑADA,PENDIENTE_IMPLEMENTACION
LOT-GOV-006,TST-GOV-006,P0,packages/money,Suite de precisión monetaria,MoneyValue + LedgerMath,BIGINT para *_minor; inspección del esquema sin float/double,UNIT-PROPERTY + SCHEMA,packages/money/src/__tests__/rules/lot-gov-006.spec.ts,[LOT-GOV-006] Procesar muchas operaciones con fracciones y comparar libro contra proyección.,Procesar muchas operaciones con fracciones y comparar libro contra proyección.,No aparecen errores acumulativos de punto flotante y el balance exacto se conserva.,DISEÑADA,PENDIENTE_IMPLEMENTACION
LOT-GOV-007,TST-GOV-007,P0,lottery-rules,Actualizar versión ya utilizada,RuleVersionService,"rule_versions, prize_rule_versions y FKs históricas desde eventos/boletos",PG-INTEGRATION,apps/api/test/postgres/rules/gov/lot-gov-007.pg-spec.ts,[LOT-GOV-007] Modificar una versión ligada a boletos y consultar un evento anterior.,Modificar una versión ligada a boletos y consultar un evento anterior.,La edición se rechaza o crea una versión nueva; el evento histórico conserva la original.,DISEÑADA,PENDIENTE_IMPLEMENTACION
LOT-GOV-008,TST-GOV-008,P1,platform / environment,Arranque en entorno académico y flujos simulados,EnvironmentPolicy,system_settings/provider_type=SIMULATED; ausencia de credenciales o entidades de tarjeta,CONFIG-E2E,scripts/tests/rules/lot-gov-008.spec.mjs,[LOT-GOV-008] Ejecutar el entorno local y revisar flujos de pago/retiro.,Ejecutar el entorno local y revisar flujos de pago/retiro.,El sistema identifica el modo simulado y no procesa tarjetas ni retiros reales.,DISEÑADA,PENDIENTE_IMPLEMENTACION
LOT-IAM-001,TST-IAM-001,P0,identity + user-draws,Command: CreateUserDraw,UserDrawCreationService,roles sin ORGANIZADOR; user_draws.organizer_user_id FK users,API-E2E + PG,apps/api/test/postgres/rules/iam/lot-iam-001.pg-spec.ts,[LOT-IAM-001] Crear un sorteo de usuario con una cuenta activa sin rol global adicional.,Crear un sorteo de usuario con una cuenta activa sin rol global adicional.,La cuenta queda como organizadora de ese sorteo sin recibir privilegios de Administrador.,DISEÑADA,PENDIENTE_IMPLEMENTACION
LOT-IAM-002,TST-IAM-002,P0,auth / authorization,Command: ChangeActiveMode + comando protegido,SessionModeService + AuthorizationService,"sessions.active_mode, user_roles, role_permissions, user_permission_grants",API-E2E + PG,apps/api/test/postgres/rules/iam/lot-iam-002.pg-spec.ts,[LOT-IAM-002] Iniciar como Vendedor y llamar un endpoint de compra de boletos.,Iniciar como Vendedor y llamar un endpoint de compra de boletos.,La compra se rechaza aunque la cuenta también tenga operaciones de wallet.,DISEÑADA,PENDIENTE_IMPLEMENTACION
LOT-IAM-003,TST-IAM-003,P0,client,Suite de operaciones de Cliente por estado,ClientAuthorizationPolicy,"users.status, wallets, conversion_requests, purchase_orders, virtual_transfers",API-E2E,apps/api/test/rules/iam/lot-iam-003.e2e-spec.ts,[LOT-IAM-003] Ejecutar cada operación con Cliente activo y luego suspendido.,Ejecutar cada operación con Cliente activo y luego suspendido.,El activo opera dentro de reglas; el suspendido recibe rechazo sin efectos.,DISEÑADA,PENDIENTE_IMPLEMENTACION
LOT-IAM-004,TST-IAM-004,P0,official-purchases,Command: ConfirmOfficialPurchase con Vendedor,OfficialParticipationPolicy,"restricción de autorización antes de combination_reservations, purchase_orders, ledger y tickets",API-E2E + PG,apps/api/test/postgres/rules/iam/lot-iam-004.pg-spec.ts,[LOT-IAM-004] Intentar comprar con una sesión de Vendedor.,Intentar comprar con una sesión de Vendedor.,"La API responde FORBIDDEN y no crea reserva, orden, asiento ni boleto.",DISEÑADA,PENDIENTE_IMPLEMENTACION
LOT-IAM-005,TST-IAM-005,P0,admin / authorization,Comandos administrativos reforzados,AdminAuthorizationService,"permissions, role_permissions, user_permission_grants, audit_events, security_events",API-E2E + PG,apps/api/test/postgres/rules/iam/lot-iam-005.pg-spec.ts,[LOT-IAM-005] Administrador sin permiso intenta aportar fondos o resolver reclamo.,Administrador sin permiso intenta aportar fondos o resolver reclamo.,La acción se rechaza y se registra el intento de seguridad cuando corresponda.,DISEÑADA,PENDIENTE_IMPLEMENTACION
LOT-IAM-006,TST-IAM-006,P0,auth / routing,Acceso directo a contrato administrativo,GlobalAuthorizationGuard,sin cambios en recursos; sessions.active_mode permanece autoritativo,SECURITY-E2E,apps/api/test/security/rules/lot-iam-006.e2e-spec.ts,[LOT-IAM-006] Abrir manualmente una ruta administrativa con sesión de Cliente.,Abrir manualmente una ruta administrativa con sesión de Cliente.,No se expone información ni se ejecuta la acción.,DISEÑADA,PENDIENTE_IMPLEMENTACION
LOT-IAM-007,TST-IAM-007,P0,identity,Command: RegisterUser,RegistrationService,"users(email,username), user_profiles(document_hash), terms_versions, terms_acceptances; UNIQUE y mayoría de edad",API-E2E + PG,apps/api/test/postgres/rules/iam/lot-iam-007.pg-spec.ts,[LOT-IAM-007] Registrar dos cuentas con el mismo documento o sin aceptación.,Registrar dos cuentas con el mismo documento o sin aceptación.,Solo la primera válida se crea; las demás se rechazan con error específico.,DISEÑADA,PENDIENTE_IMPLEMENTACION
LOT-IAM-008,TST-IAM-008,P0,identity,Operaciones nuevas con cada account_status,AccountStatePolicy,users.status CHECK/enum y guardia común,API-E2E + PG,apps/api/test/postgres/rules/iam/lot-iam-008.pg-spec.ts,"[LOT-IAM-008] Intentar comprar, convertir o crear sorteo con cada estado.","Intentar comprar, convertir o crear sorteo con cada estado.",Solo ACTIVO puede comenzar la operación; el historial sigue consultable según permisos.,DISEÑADA,PENDIENTE_IMPLEMENTACION
LOT-IAM-009,TST-IAM-009,P0,identity / retention,Command: DeactivateOrAnonymizeUser,AccountRetentionService,users.status/deactivated_at; FKs RESTRICT; ledger/tickets/user_draws/claims conservados,PG-INTEGRATION,apps/api/test/postgres/rules/iam/lot-iam-009.pg-spec.ts,[LOT-IAM-009] Solicitar eliminación de un usuario con asientos y boletos.,Solicitar eliminación de un usuario con asientos y boletos.,Los registros históricos permanecen íntegros y la cuenta deja de operar.,DISEÑADA,PENDIENTE_IMPLEMENTACION
LOT-FIN-001,TST-FIN-001,P0,ledger,PostLedgerTransaction con monedas cruzadas,LedgerPostingService,"wallets.currency, ledger_accounts.currency, ledger_entries.currency y trigger de balance por unidad",PG-INTEGRATION,apps/api/test/postgres/rules/fin/lot-fin-001.pg-spec.ts,[LOT-FIN-001] Intentar balancear un débito REAL con un crédito VIRTUAL.,Intentar balancear un débito REAL con un crédito VIRTUAL.,La transacción contable se rechaza.,DISEÑADA,PENDIENTE_IMPLEMENTACION
LOT-FIN-002,TST-FIN-002,P0,official-finance,Crear boleto/premio con cuenta REAL,OfficialCurrencyPolicy,"event_financial_configs, tickets, prize_awards y ledger_accounts deben usar VIRTUAL",API-E2E + PG,apps/api/test/postgres/rules/fin/lot-fin-002.pg-spec.ts,[LOT-FIN-002] Crear boleto o premio en REAL.,Crear boleto o premio en REAL.,La operación se rechaza antes de generar asientos.,DISEÑADA,PENDIENTE_IMPLEMENTACION
LOT-FIN-003,TST-FIN-003,P0,transfers,Command: TransferRealBetweenUsers,TransferPolicy,no existe flujo de virtual_transfers con REAL; ledger no se crea,API-E2E,apps/api/test/rules/fin/lot-fin-003.e2e-spec.ts,[LOT-FIN-003] Intentar una transferencia REAL directa entre clientes.,Intentar una transferencia REAL directa entre clientes.,La API la rechaza y sugiere el flujo permitido sin mover saldo.,DISEÑADA,PENDIENTE_IMPLEMENTACION
LOT-FIN-004,TST-FIN-004,P0,user-draw-finance,Command: BuyUserDrawParticipation usando REAL,UserDrawPaymentService,"user_draw_participations, user_draw_escrows y cuentas ledger solo VIRTUAL",API-E2E + PG,apps/api/test/postgres/rules/fin/lot-fin-004.pg-spec.ts,[LOT-FIN-004] Intentar pagar participación de sorteo de usuario con REAL.,Intentar pagar participación de sorteo de usuario con REAL.,La operación se rechaza sin reservar ni mover saldo.,DISEÑADA,PENDIENTE_IMPLEMENTACION
LOT-FIN-005,TST-FIN-005,P0,ledger,Insertar/cerrar transacción desbalanceada,LedgerPostingService,trigger/procedimiento diferido ledger_balanced por ledger_transaction_id y currency,PG-INTEGRATION,apps/api/test/postgres/rules/fin/lot-fin-005.pg-spec.ts,[LOT-FIN-005] Insertar una transacción desbalanceada.,Insertar una transacción desbalanceada.,No puede confirmarse.,DISEÑADA,PENDIENTE_IMPLEMENTACION
LOT-FIN-006,TST-FIN-006,P0,wallets,Job: ledger-reconcile,WalletReconciliationService,wallet_balance_projections reconstruidas desde ledger_entries sin nueva transacción,WORKER-PG,apps/worker/test/rules/fin/lot-fin-006.e2e-spec.ts,[LOT-FIN-006] Dañar intencionalmente una proyección y ejecutar reconciliación.,Dañar intencionalmente una proyección y ejecutar reconciliación.,La proyección se corrige desde el libro sin crear un nuevo movimiento.,DISEÑADA,PENDIENTE_IMPLEMENTACION
LOT-FIN-007,TST-FIN-007,P0,ledger / balances,Dos débitos concurrentes sobre el mismo disponible,BalanceGuard,"locks PostgreSQL, proyección/cuentas y validación de saldo; no negativos no autorizados",PG-CONCURRENCY,apps/api/test/postgres/concurrency/lot-fin-007.pg-spec.ts,[LOT-FIN-007] Ejecutar dos débitos simultáneos que superan el disponible.,Ejecutar dos débitos simultáneos que superan el disponible.,Solo uno se confirma o ambos se rechazan; nunca queda saldo no autorizado negativo.,DISEÑADA,PENDIENTE_IMPLEMENTACION
LOT-FIN-008,TST-FIN-008,P0,topups,Command: ConfirmSimulatedTopup,TopupService,"real_topups, idempotency_keys, ledger_transaction y asientos REAL 1:1",API-E2E + PG,apps/api/test/postgres/rules/fin/lot-fin-008.pg-spec.ts,"[LOT-FIN-008] Simular recarga de 100,00.","Simular recarga de 100,00.","Se acreditan 100,00 REAL y comisión 0,00.",DISEÑADA,PENDIENTE_IMPLEMENTACION
LOT-FIN-009,TST-FIN-009,P0,conversions,Command: ConvertVirtualToReal,VirtualToRealConversionService,"virtual_to_real_conversions, fee_rate_bps, ledger REAL/VIRTUAL y cuentas de comisión",UNIT-MONEY + PG,packages/money/src/__tests__/rules/lot-fin-009.spec.ts,"[LOT-FIN-009] Convertir 500,00 VIRTUAL.","Convertir 500,00 VIRTUAL.","Se debitan 500,00 VIRTUAL, se acreditan 450,00 REAL y 50,00 se registran como comisión.",DISEÑADA,PENDIENTE_IMPLEMENTACION
LOT-FIN-010,TST-FIN-010,P0,withdrawals,Command: Request/CompleteWithdrawal,WithdrawalService,withdrawal_requests y ledger sin segundo asiento de comisión,API-E2E + PG,apps/api/test/postgres/rules/fin/lot-fin-010.pg-spec.ts,[LOT-FIN-010] Solicitar retiro de REAL ya convertido.,Solicitar retiro de REAL ya convertido.,El retiro no descuenta otra comisión de negocio.,DISEÑADA,PENDIENTE_IMPLEMENTACION
LOT-FIN-011,TST-FIN-011,P0,transfers,Command: TransferVirtual,VirtualTransferService,"virtual_transfers, usuarios activos, sender<>recipient y ledger VIRTUAL",API-E2E + PG,apps/api/test/postgres/rules/fin/lot-fin-011.pg-spec.ts,[LOT-FIN-011] Transferir a sí mismo y transferir a otro Cliente activo.,Transferir a sí mismo y transferir a otro Cliente activo.,La primera se rechaza; la segunda crea movimientos simétricos y comprobante.,DISEÑADA,PENDIENTE_IMPLEMENTACION
LOT-FIN-012,TST-FIN-012,P0,ledger / traceability,Suite de operaciones financieras confirmadas,FinancialTraceabilityService,FK ledger_transaction_id/idempotency/correlation en cada agregado financiero,PG-INTEGRATION,apps/api/test/postgres/rules/fin/lot-fin-012.pg-spec.ts,[LOT-FIN-012] Confirmar cada tipo de operación y buscar su evidencia contable.,Confirmar cada tipo de operación y buscar su evidencia contable.,Cada operación tiene asientos balanceados y correlación trazable.,DISEÑADA,PENDIENTE_IMPLEMENTACION
LOT-FIN-013,TST-FIN-013,P0,packages/money,Suite property-based de reparto de minor units,LargestRemainderAllocator,tasas versionadas y montos *_minor; compra mayorista en múltiplos de 100 minor units VIRTUAL,UNIT-PROPERTY + PG,packages/money/src/__tests__/rules/lot-fin-013.spec.ts,"[LOT-FIN-013] Probar importes de 0,01 a 10,00, empates de residuos, reparto 50/25/15/10 y una compra mayorista no múltiplo de 1,00.","Probar importes de 0,01 a 10,00, empates de residuos, reparto 50/25/15/10 y una compra mayorista no múltiplo de 1,00.","Ninguna minor unit se crea, desaparece o asigna de forma ambigua; los repartos suman exactamente el monto base y la orden mayorista inválida se rechaza.",DISEÑADA,PENDIENTE_IMPLEMENTACION
LOT-VND-001,TST-VND-001,P0,vendors / inventory,Command: PurchaseVendorInventory,VendorInventoryPurchaseService,"vendor_purchase_orders, vendor_inventory_batches, ledger y tasa 90/100",API-E2E + PG,apps/api/test/postgres/rules/vnd/lot-vnd-001.pg-spec.ts,"[LOT-VND-001] Comprar 100,00 VIRTUAL con saldo suficiente.","Comprar 100,00 VIRTUAL con saldo suficiente.","Se debitan 90,00 REAL y se acreditan 100,00 VIRTUAL una sola vez.",DISEÑADA,PENDIENTE_IMPLEMENTACION
LOT-VND-002,TST-VND-002,P0,vendors / profitability,Query: VendorMetrics antes/después de venta,VendorProfitService,"vendor_inventory_batches, vendor_sales, vendor_sale_batch_allocations",PG-INTEGRATION,apps/api/test/postgres/rules/vnd/lot-vnd-002.pg-spec.ts,[LOT-VND-002] Comprar inventario y revisar métricas antes y después de una venta.,Comprar inventario y revisar métricas antes y después de una venta.,"Antes de vender la ganancia realizada es 0; después refleja 0,10 por cada 1,00 vendido.",DISEÑADA,PENDIENTE_IMPLEMENTACION
LOT-VND-003,TST-VND-003,P0,conversion-requests,Command: CreateConversionRequest,ConversionRequestService,conversion_requests y reserva REAL en ledger; no crédito VIRTUAL inmediato,API-E2E + PG,apps/api/test/postgres/rules/vnd/lot-vnd-003.pg-spec.ts,[LOT-VND-003] Crear solicitud con saldo suficiente e insuficiente.,Crear solicitud con saldo suficiente e insuficiente.,La válida reserva exactamente el monto; la insuficiente no crea solicitud ni reserva.,DISEÑADA,PENDIENTE_IMPLEMENTACION
LOT-VND-004,TST-VND-004,P0,conversion-requests,Query: ListEligibleRequests,ConversionRequestVisibilityPolicy,"vendor_profiles, wallet projections, related_account_flags y estado PENDIENTE",API-E2E + PG,apps/api/test/postgres/rules/vnd/lot-vnd-004.pg-spec.ts,"[LOT-VND-004] Comparar visibilidad para vendedor solvente, insolvente, inactivo y relacionado.","Comparar visibilidad para vendedor solvente, insolvente, inactivo y relacionado.","Solo el vendedor solvente, activo y no relacionado la recibe.",DISEÑADA,PENDIENTE_IMPLEMENTACION
LOT-VND-005,TST-VND-005,P0,conversion-requests,Command: AssignRequest por dos vendedores,ConversionAssignmentService,conversion_assignments con índice único parcial ACTIVA + SELECT FOR UPDATE,PG-CONCURRENCY,apps/api/test/postgres/concurrency/lot-vnd-005.pg-spec.ts,[LOT-VND-005] Dos vendedores toman simultáneamente la misma solicitud.,Dos vendedores toman simultáneamente la misma solicitud.,Solo uno recibe la asignación; el otro obtiene no disponible.,DISEÑADA,PENDIENTE_IMPLEMENTACION
LOT-VND-006,TST-VND-006,P0,conversion-requests,Asignar a los 4m50s,ConversionDeadlinePolicy,conversion_requests.expires_at inmutable; assignment no modifica deadline,API-E2E + PG,apps/api/test/postgres/rules/vnd/lot-vnd-006.pg-spec.ts,[LOT-VND-006] Tomar la solicitud a los 4 minutos 50 segundos.,Tomar la solicitud a los 4 minutos 50 segundos.,Solo quedan 10 segundos; no se extiende el vencimiento.,DISEÑADA,PENDIENTE_IMPLEMENTACION
LOT-VND-007,TST-VND-007,P0,conversion-requests,Command: CompleteByVendor con fallo inyectado,VendorConversionCompletionService,"request, wallets/cuentas, ledger, vendor_sales y allocations en una transacción",PG-INTEGRATION,apps/api/test/postgres/rules/vnd/lot-vnd-007.pg-spec.ts,[LOT-VND-007] Forzar error después del primer asiento.,Forzar error después del primer asiento.,Toda la operación revierte; no queda transferencia parcial.,DISEÑADA,PENDIENTE_IMPLEMENTACION
LOT-VND-008,TST-VND-008,P0,conversion-requests,Command: ReleaseVendorAssignment,ConversionAssignmentService,"conversion_assignments, conversion_request_events y request vuelve a PENDIENTE sin liberar REAL",API-E2E + PG,apps/api/test/postgres/rules/vnd/lot-vnd-008.pg-spec.ts,[LOT-VND-008] Cancelar una asignación vigente.,Cancelar una asignación vigente.,Otro vendedor puede tomarla y el saldo del cliente continúa reservado.,DISEÑADA,PENDIENTE_IMPLEMENTACION
LOT-VND-009,TST-VND-009,P0,conversion-requests,Job: conversion-request-expire-or-fallback,ConversionFallbackJob,"scheduled_jobs, conversion_requests, GENERAL_CONVERSION_WALLET y ledger",WORKER-PG,apps/worker/test/rules/vnd/lot-vnd-009.e2e-spec.ts,[LOT-VND-009] Dejar vencer una solicitud sin vendedor.,Dejar vencer una solicitud sin vendedor.,"Se acredita VIRTUAL al cliente, REAL a plataforma y estado COMPLETADA_POR_PLATAFORMA.",DISEÑADA,PENDIENTE_IMPLEMENTACION
LOT-VND-010,TST-VND-010,P0,conversion-requests,Carrera CompleteByVendor vs fallback + falta de liquidez,ConversionFinalizationService,"lock/estado terminal único, completion ledger UQ y liberación REAL por fallo",PG-CONCURRENCY + WORKER,apps/worker/test/rules/vnd/lot-vnd-010.e2e-spec.ts,[LOT-VND-010] Ejecutar ambos procesos simultáneamente y luego simular wallet general insuficiente.,Ejecutar ambos procesos simultáneamente y luego simular wallet general insuficiente.,En la carrera solo uno confirma; en falta de liquidez no queda saldo bloqueado y se genera alerta.,DISEÑADA,PENDIENTE_IMPLEMENTACION
LOT-EVT-001,TST-EVT-001,P0,combinations / purchases,Dos ConfirmOfficialPurchase para la misma combinación,PurchaseConfirmationService,"UNIQUE(draw_event_id,normalized_key) en event_combinations y tickets",PG-CONCURRENCY,apps/api/test/postgres/concurrency/lot-evt-001.pg-spec.ts,[LOT-EVT-001] Dos compras simultáneas de la misma combinación en un evento y otra compra en evento diferente.,Dos compras simultáneas de la misma combinación en un evento y otra compra en evento diferente.,En el mismo evento solo una confirma; en el otro evento puede venderse.,DISEÑADA,PENDIENTE_IMPLEMENTACION
LOT-EVT-002,TST-EVT-002,P0,lottery-products,Command: CreateDrawEvent con producto inválido,DrawEventCreationService,lottery_products y FK de draw_events/rule_versions,API-E2E + PG,apps/api/test/postgres/rules/evt/lot-evt-002.pg-spec.ts,[LOT-EVT-002] Crear evento con producto inexistente.,Crear evento con producto inexistente.,Solo se aceptan productos registrados y compatibles.,DISEÑADA,PENDIENTE_IMPLEMENTACION
LOT-EVT-003,TST-EVT-003,P0,game-engine,ValidateOfficialSelection,OfficialCombinationValidator,"rule_versions(selection_count,universe_symbols) y combination_numbers",UNIT-GAME + PG,packages/game-engine/src/__tests__/rules/lot-evt-003.spec.ts,"[LOT-EVT-003] Enviar selecciones cortas, largas, repetidas y fuera de universo.","Enviar selecciones cortas, largas, repetidas y fuera de universo.",Todas se rechazan; solo la selección exacta y única es válida.,DISEÑADA,PENDIENTE_IMPLEMENTACION
LOT-EVT-004,TST-EVT-004,P0,game-engine / combinations,NormalizeAndReserveSelection,CombinationNormalizer,normalized_key canónico + UNIQUE por evento,UNIT-GAME + PG-CONCURRENCY,packages/game-engine/src/__tests__/rules/lot-evt-004.spec.ts,[LOT-EVT-004] Comprar 7-4-2-0 y luego 0-2-4-7 en el mismo evento.,Comprar 7-4-2-0 y luego 0-2-4-7 en el mismo evento.,Ambas producen la misma clave; solo una puede confirmarse.,DISEÑADA,PENDIENTE_IMPLEMENTACION
LOT-EVT-005,TST-EVT-005,P0,combinations,Transición VENDIDA→DISPONIBLE no autorizada,CombinationStateService,"combination_status, history y trigger/guardia de transición",PG-INTEGRATION,apps/api/test/postgres/rules/evt/lot-evt-005.pg-spec.ts,[LOT-EVT-005] Intentar pasar de VENDIDA a DISPONIBLE sin reembolso/corrección autorizada.,Intentar pasar de VENDIDA a DISPONIBLE sin reembolso/corrección autorizada.,La transición inválida se rechaza y queda auditada.,DISEÑADA,PENDIENTE_IMPLEMENTACION
LOT-EVT-006,TST-EVT-006,P1,draw-events,Query: ListPurchasableEvents,DrawEventQueryService,draw_events por producto/estado/ventana e índice compuesto,API-E2E + PG,apps/api/test/postgres/rules/evt/lot-evt-006.pg-spec.ts,[LOT-EVT-006] Crear varios eventos activos del mismo producto.,Crear varios eventos activos del mismo producto.,Todos aparecen ordenados y cada uno conserva su propia apertura/cierre.,DISEÑADA,PENDIENTE_IMPLEMENTACION
LOT-EVT-007,TST-EVT-007,P0,draw-events,Command: UpdatePublishedDrawEvent,DrawEventMutationPolicy,draw_events/event_financial_configs inmutables tras publicación,API-E2E + PG,apps/api/test/postgres/rules/evt/lot-evt-007.pg-spec.ts,[LOT-EVT-007] Intentar cambiar precio y fecha después de publicar.,Intentar cambiar precio y fecha después de publicar.,La edición se rechaza y el evento permanece sin cambios.,DISEÑADA,PENDIENTE_IMPLEMENTACION
LOT-EVT-008,TST-EVT-008,P0,event-templates,Command: UpdateEventTemplate,EventTemplateVersionService,event_templates/template_schedules; eventos publicados no se actualizan,API-E2E + PG,apps/api/test/postgres/rules/evt/lot-evt-008.pg-spec.ts,[LOT-EVT-008] Modificar plantilla con eventos ya publicados.,Modificar plantilla con eventos ya publicados.,Los publicados no cambian; solo los futuros elegibles usan la nueva versión.,DISEÑADA,PENDIENTE_IMPLEMENTACION
LOT-EVT-009,TST-EVT-009,P0,draw-events / funds,Command: PublishDrawEvent sin cobertura,DrawEventPublicationService,guarantee_fund_reservations y draw_events en una transacción,API-E2E + PG,apps/api/test/postgres/rules/evt/lot-evt-009.pg-spec.ts,[LOT-EVT-009] Publicar con cobertura insuficiente.,Publicar con cobertura insuficiente.,La publicación falla y no se abren ventas.,DISEÑADA,PENDIENTE_IMPLEMENTACION
LOT-EVT-010,TST-EVT-010,P0,draw-events / purchases,Confirmar un segundo antes/después del cierre,OfficialSalesWindowPolicy,draw_events.sales_close_at y job event-close-sales,API-E2E + WORKER-PG,apps/worker/test/rules/evt/lot-evt-010.e2e-spec.ts,[LOT-EVT-010] Confirmar compra un segundo antes y un segundo después del cierre.,Confirmar compra un segundo antes y un segundo después del cierre.,La primera puede confirmar si cumple todo; la segunda se rechaza.,DISEÑADA,PENDIENTE_IMPLEMENTACION
LOT-EVT-011,TST-EVT-011,P0,reservations,Reservar cerca del cierre y expirar,CombinationReservationService,"combination_reservations, índice único parcial ACTIVA y expires_at=min(+5m,cierre)",PG-INTEGRATION + WORKER,apps/worker/test/rules/evt/lot-evt-011.e2e-spec.ts,"[LOT-EVT-011] Reservar con más de cinco minutos restantes, reservar a menos de cinco minutos del cierre y confirmar antes/después de `expires_at`.","Reservar con más de cinco minutos restantes, reservar a menos de cinco minutos del cierre y confirmar antes/después de `expires_at`.",La primera dura cinco minutos; la segunda termina en el cierre; una orden vencida o posterior al cierre no compra y no prolonga ventas.,DISEÑADA,PENDIENTE_IMPLEMENTACION
LOT-EVT-012,TST-EVT-012,P0,purchases / limits,Reservas concurrentes al límite 20 %,ClientEventLimitPolicy,conteo bloqueado de tickets + reservas activas por user/event,PG-CONCURRENCY,apps/api/test/postgres/concurrency/lot-evt-012.pg-spec.ts,[LOT-EVT-012] Alcanzar el límite y tratar de reservar una combinación adicional.,Alcanzar el límite y tratar de reservar una combinación adicional.,La reserva adicional se rechaza hasta la liberación o expiración de reservas.,DISEÑADA,PENDIENTE_IMPLEMENTACION
LOT-EVT-013,TST-EVT-013,P0,game-engine / time,Calcular release_at en fronteras,PurchaseLimitReleaseCalculator,draw_events.limit_release_at y función pura versionada,UNIT-GAME + PG,packages/game-engine/src/__tests__/rules/lot-evt-013.spec.ts,"[LOT-EVT-013] Calcular para 16:05, 16:22, 16:45 y 16:46; además probar ventanas cortas cuyo redondeo cae después del cierre.","Calcular para 16:05, 16:22, 16:45 y 16:46; además probar ventanas cortas cuyo redondeo cae después del cierre.","Produce 16:00, 16:30, 16:30 y 17:00 cuando están dentro de la ventana; nunca adelanta apertura ni extiende el cierre.",DISEÑADA,PENDIENTE_IMPLEMENTACION
LOT-EVT-014,TST-EVT-014,P0,purchases / limits,Comprar sobre 20 % después de release_at,ClientEventLimitPolicy,draw_events.limit_release_at; siguen locks/saldo/disponibilidad/cierre,API-E2E + PG,apps/api/test/postgres/rules/evt/lot-evt-014.pg-spec.ts,[LOT-EVT-014] Comprar más del 20 % después de release_at con saldo y combinaciones disponibles.,Comprar más del 20 % después de release_at con saldo y combinaciones disponibles.,La compra puede continuar sin omitir las demás validaciones.,DISEÑADA,PENDIENTE_IMPLEMENTACION
LOT-EVT-015,TST-EVT-015,P0,game-engine / purchases,Probar cuatro modos de selección,PurchaseSelectionService,event_combinations DISPONIBLE y combination_numbers para filtros parciales,UNIT-GAME + API-E2E,packages/game-engine/src/__tests__/rules/lot-evt-015.spec.ts,[LOT-EVT-015] Probar los cuatro modos con restricciones parciales.,Probar los cuatro modos con restricciones parciales.,Cada modo devuelve/reserva combinaciones válidas y distintas.,DISEÑADA,PENDIENTE_IMPLEMENTACION
LOT-EVT-016,TST-EVT-016,P0,purchases,ConfirmOfficialPurchase con fallo tras débito,PurchaseConfirmationService,"evento, reserva, combinación, wallet, order, ticket y ledger en una transacción",PG-INTEGRATION,apps/api/test/postgres/rules/evt/lot-evt-016.pg-spec.ts,[LOT-EVT-016] Provocar fallo al crear el boleto después del débito.,Provocar fallo al crear el boleto después del débito.,"Todo revierte: no hay débito, boleto ni combinación vendida parcial.",DISEÑADA,PENDIENTE_IMPLEMENTACION
LOT-EVT-017,TST-EVT-017,P0,tickets,Command: RequestTicketRefund por causas distintas,TicketCorrectionService,"tickets, ticket_status_history, refund ledger e idempotencia",API-E2E + PG,apps/api/test/postgres/rules/evt/lot-evt-017.pg-spec.ts,[LOT-EVT-017] Solicitar devolución por arrepentimiento y luego simular cancelación.,Solicitar devolución por arrepentimiento y luego simular cancelación.,La primera se rechaza; la cancelación genera reembolso trazable.,DISEÑADA,PENDIENTE_IMPLEMENTACION
LOT-EVT-018,TST-EVT-018,P0,draw-events / refunds,Command/Job: CancelDrawEvent con compradores,DrawEventCancellationService,"draw_events CANCELADO, refunds por ticket, ledger y estados de boleto",WORKER-PG + API-E2E,apps/worker/test/rules/evt/lot-evt-018.e2e-spec.ts,[LOT-EVT-018] Cancelar un evento con múltiples boletos y reintentar el job.,Cancelar un evento con múltiples boletos y reintentar el job.,Cada boleto recibe un único reembolso completo y el historial se conserva.,DISEÑADA,PENDIENTE_IMPLEMENTACION
LOT-EVT-019,TST-EVT-019,P0,draw-events,Cancelar antes/después de RESULTADO_FIJADO,DrawEventCancellationPolicy,"draw_events.status, draw_results UQ y guardia temporal",API-E2E + PG,apps/api/test/postgres/rules/evt/lot-evt-019.pg-spec.ts,"[LOT-EVT-019] Cerrar ventas sin generar resultado, cancelar y luego intentar cancelar después de fijar resultado.","Cerrar ventas sin generar resultado, cancelar y luego intentar cancelar después de fijar resultado.",La primera cancelación puede completarse con reembolsos; la segunda se rechaza.,DISEÑADA,PENDIENTE_IMPLEMENTACION
LOT-EVT-020,TST-EVT-020,P0,state-history,Ejecutar transiciones de evento/compra,StateTransitionRecorder,"draw_event_status_history, ticket_status_history y demás historiales con actor/correlation",PG-INTEGRATION,apps/api/test/postgres/rules/evt/lot-evt-020.pg-spec.ts,[LOT-EVT-020] Completar ciclo publicación→venta→cierre→resultado.,Completar ciclo publicación→venta→cierre→resultado.,Existe una secuencia histórica completa y ordenada.,DISEÑADA,PENDIENTE_IMPLEMENTACION
LOT-PRZ-001,TST-PRZ-001,P0,evaluations,Job: EvaluateTickets con coincidencia exacta,TicketEvaluationService,"draw_results, tickets, ticket_evaluations y prize_awards UQ",WORKER-PG,apps/worker/test/rules/prz/lot-prz-001.e2e-spec.ts,[LOT-PRZ-001] Evaluar un evento con y sin combinación ganadora vendida.,Evaluar un evento con y sin combinación ganadora vendida.,Se identifica cero o un ganador mayor.,DISEÑADA,PENDIENTE_IMPLEMENTACION
LOT-PRZ-002,TST-PRZ-002,P0,evaluations,Evaluar aciertos n-1,TicketEvaluationService,ticket_evaluations y prize_awards NEAR_MATCH_REFUND,UNIT-GAME + PG,packages/game-engine/src/__tests__/rules/lot-prz-002.spec.ts,"[LOT-PRZ-002] Evaluar boletos a distancia 1, 0 y 2.","Evaluar boletos a distancia 1, 0 y 2.",Solo distancia 1 recibe la devolución secundaria.,DISEÑADA,PENDIENTE_IMPLEMENTACION
LOT-PRZ-003,TST-PRZ-003,P0,prize-engine,Calcular componentes de premio,PrizeCompositionService,event_financial_configs/projections y accumulation_transfers,UNIT-MONEY + PG,packages/money/src/__tests__/rules/lot-prz-003.spec.ts,[LOT-PRZ-003] Agregar ventas y acumulado a un evento.,Agregar ventas y acumulado a un evento.,La interfaz y el informe muestran componentes y total coherentes.,DISEÑADA,PENDIENTE_IMPLEMENTACION
LOT-PRZ-004,TST-PRZ-004,P0,prize-engine / publication,Recomendar x5 y publicar con/sin cobertura,PrizeRecommendationService,event_financial_configs y guarantee_fund_reservations,UNIT-MONEY + API-E2E,packages/money/src/__tests__/rules/lot-prz-004.spec.ts,[LOT-PRZ-004] Configurar un premio inicial superior a la cobertura.,Configurar un premio inicial superior a la cobertura.,El semáforo es rojo y la publicación se bloquea.,DISEÑADA,PENDIENTE_IMPLEMENTACION
LOT-PRZ-005,TST-PRZ-005,P0,prize-engine,Calcular 90/10 con techo,PrizeGrowthService,"event_financial_projections, fund_movements y ledger",UNIT-MONEY + PG,packages/money/src/__tests__/rules/lot-prz-005.spec.ts,"[LOT-PRZ-005] Simular ventas por debajo/encima del techo, mostrar crecimiento, cancelar antes del resultado y liquidar después del resultado.","Simular ventas por debajo/encima del techo, mostrar crecimiento, cancelar antes del resultado y liquidar después del resultado.",El crecimiento nunca es negativo ni excede el techo; una cancelación conserva fondos suficientes para devolver el 100 % y la liquidación posterior no duplica asignaciones.,DISEÑADA,PENDIENTE_IMPLEMENTACION
LOT-PRZ-006,TST-PRZ-006,P0,prize-engine,Fronteras de redondeo a cuartos,PrizeRoundingService,"prize_awards(exact,public,adjustment) y ROUNDING_ADJUSTMENTS_VIRTUAL",UNIT-PROPERTY + PG,packages/money/src/__tests__/rules/lot-prz-006.spec.ts,[LOT-PRZ-006] Probar todos los límites y valores adyacentes.,Probar todos los límites y valores adyacentes.,Cada valor produce el cuarto correcto y conserva el exacto en auditoría.,DISEÑADA,PENDIENTE_IMPLEMENTACION
LOT-PRZ-007,TST-PRZ-007,P0,funds,Dos eventos reservan la misma cobertura,GuaranteeReservationService,"guarantee_fund_reservations, ledger accounts y locks",PG-CONCURRENCY,apps/api/test/postgres/concurrency/lot-prz-007.pg-spec.ts,[LOT-PRZ-007] Publicar simultáneamente dos eventos que exceden el disponible conjunto.,Publicar simultáneamente dos eventos que exceden el disponible conjunto.,Solo se reservan eventos cubiertos; no hay doble uso del saldo.,DISEÑADA,PENDIENTE_IMPLEMENTACION
LOT-PRZ-008,TST-PRZ-008,P0,funds,Job: fund-reconcile bajo mínimo,FundReconciliationJob,"guarantee_fund, reservations, ledger y bloqueo de publicación",WORKER-PG,apps/worker/test/rules/prz/lot-prz-008.e2e-spec.ts,[LOT-PRZ-008] Reducir el fondo por debajo del mínimo.,Reducir el fondo por debajo del mínimo.,No se publican nuevos eventos y se genera alerta.,DISEÑADA,PENDIENTE_IMPLEMENTACION
LOT-PRZ-009,TST-PRZ-009,P0,settlement,Job: no-winner-distribution con meta,NoWinnerDistributionService,"accumulation_pools, guarantee/future funds, fund_movements y ledger 50/25/15/10",UNIT-MONEY + WORKER-PG,packages/money/src/__tests__/rules/lot-prz-009.spec.ts,[LOT-PRZ-009] Liquidar un evento elegible sin ganador.,Liquidar un evento elegible sin ganador.,La suma distribuida coincide con el total y cada fondo recibe su porcentaje.,DISEÑADA,PENDIENTE_IMPLEMENTACION
LOT-PRZ-010,TST-PRZ-010,P0,settlement,Liquidar evento sin meta mínima,EventSettlementService,"awards, guarantee recovery, operations y ledger con orden de prelación",WORKER-PG,apps/worker/test/rules/prz/lot-prz-010.e2e-spec.ts,[LOT-PRZ-010] Liquidar evento de baja venta sin ganador.,Liquidar evento de baja venta sin ganador.,No se crea acumulado indebido y se respetan obligaciones prioritarias.,DISEÑADA,PENDIENTE_IMPLEMENTACION
LOT-PRZ-011,TST-PRZ-011,P0,accumulations,Asignar al siguiente evento y cancelar receptor,AccumulationService,accumulation_pools/transfers y eventos del mismo producto,WORKER-PG,apps/worker/test/rules/prz/lot-prz-011.e2e-spec.ts,[LOT-PRZ-011] Asignar acumulado y cancelar el receptor.,Asignar acumulado y cancelar el receptor.,El monto retorna íntegro al pool y no se duplica.,DISEÑADA,PENDIENTE_IMPLEMENTACION
LOT-PRZ-012,TST-PRZ-012,P0,draw-engine / security,Job: GenerateCommitment antes del cierre,DrawCommitmentService,"draw_commitments, encrypted_secret_seed, commitment_hash y key version",SECURITY-PG,apps/api/test/security/rules/lot-prz-012.e2e-spec.ts,[LOT-PRZ-012] Verificar commitment antes y después de revelar la semilla.,Verificar commitment antes y después de revelar la semilla.,Coincide al revelar y no permite conocer el resultado anticipadamente.,DISEÑADA,PENDIENTE_IMPLEMENTACION
LOT-PRZ-013,TST-PRZ-013,P0,draw-engine,Job: FreezeOfficialDraw,DrawSnapshotService,draw_snapshots y draw_snapshot_tickets con hash determinista,WORKER-PG,apps/worker/test/rules/prz/lot-prz-013.e2e-spec.ts,[LOT-PRZ-013] Recalcular el hash con el mismo conjunto y con un boleto alterado.,Recalcular el hash con el mismo conjunto y con un boleto alterado.,El mismo conjunto produce el mismo hash; la alteración produce otro.,DISEÑADA,PENDIENTE_IMPLEMENTACION
LOT-PRZ-014,TST-PRZ-014,P0,draw-engine,Dos Jobs GenerateOfficialResult,OfficialDrawEngine,"draw_results UQ(draw_event_id), draw_result_numbers e inmutabilidad",PG-CONCURRENCY + WORKER,apps/worker/test/rules/prz/lot-prz-014.e2e-spec.ts,[LOT-PRZ-014] Ejecutar draw-generate varias veces y en paralelo.,Ejecutar draw-generate varias veces y en paralelo.,Existe un único resultado válido e idéntico para todos los reintentos.,DISEÑADA,PENDIENTE_IMPLEMENTACION
LOT-PRZ-015,TST-PRZ-015,P1,results / presentation,Recargar/saltar animación en dos dispositivos,ResultPresentationService,solo lectura de draw_results; no inserta otro resultado,API-E2E,apps/api/test/rules/prz/lot-prz-015.e2e-spec.ts,"[LOT-PRZ-015] Reproducir, omitir y recargar la animación.","Reproducir, omitir y recargar la animación.",Siempre se muestran los mismos valores oficiales.,DISEÑADA,PENDIENTE_IMPLEMENTACION
LOT-PRZ-016,TST-PRZ-016,P0,awards,Jobs concurrentes report-publish/award-credit,AwardCreditService,"result_reports, award_payment_orders UQ, ledger y estado de ticket",PG-CONCURRENCY + WORKER,apps/worker/test/rules/prz/lot-prz-016.e2e-spec.ts,"[LOT-PRZ-016] Publicar informe, interrumpir proceso y reintentar.","Publicar informe, interrumpir proceso y reintentar.",Cada premio se acredita exactamente una vez.,DISEÑADA,PENDIENTE_IMPLEMENTACION
LOT-PRZ-017,TST-PRZ-017,P0,wallets / awards,Ledger de premio existente y proyección dañada,AwardProjectionRepairService,"award_payment_orders, ledger y wallet_balance_projections",WORKER-PG,apps/worker/test/rules/prz/lot-prz-017.e2e-spec.ts,[LOT-PRZ-017] Simular fallo entre libro y proyección.,Simular fallo entre libro y proyección.,El saldo visible se corrige sin nueva transacción económica.,DISEÑADA,PENDIENTE_IMPLEMENTACION
LOT-PRZ-018,TST-PRZ-018,P0,reports,Query: PublicResultReport,ResultReportService,result_reports.public_payload allowlist y stored_objects; sin PII,SECURITY-E2E + PG,apps/api/test/security/rules/lot-prz-018.e2e-spec.ts,[LOT-PRZ-018] Generar informe con ganador real y revisar JSON/HTML/PDF.,Generar informe con ganador real y revisar JSON/HTML/PDF.,No aparece ningún dato personal y los hashes son verificables.,DISEÑADA,PENDIENTE_IMPLEMENTACION
LOT-ORG-001,TST-ORG-001,P0,user-draws,Command: CreateUserDraw,UserDrawCreationService,user_draws.organizer_user_id; roles globales sin ORGANIZADOR,API-E2E + PG,apps/api/test/postgres/rules/org/lot-org-001.pg-spec.ts,[LOT-ORG-001] Crear sorteo con cuenta activa y suspendida.,Crear sorteo con cuenta activa y suspendida.,La activa puede crear; la suspendida no.,DISEÑADA,PENDIENTE_IMPLEMENTACION
LOT-ORG-002,TST-ORG-002,P0,user-draws / access,"List/Read público, privado y con acceso",UserDrawAccessPolicy,"user_draws.visibility, access_codes e invitations",API-E2E + PG,apps/api/test/postgres/rules/org/lot-org-002.pg-spec.ts,[LOT-ORG-002] Consultar ambos sin credenciales/código.,Consultar ambos sin credenciales/código.,El público aparece; el privado no revela datos protegidos.,DISEÑADA,PENDIENTE_IMPLEMENTACION
LOT-ORG-003,TST-ORG-003,P0,user-draws,Create/Publish con configuración válida/inválida,UserDrawCreationService,"user_draws, prize evidence y checks de rango/precio/fechas",API-E2E + PG,apps/api/test/postgres/rules/org/lot-org-003.pg-spec.ts,[LOT-ORG-003] Crear sorteo sin un dato obligatorio y crear otro válido sin anuncios.,Crear sorteo sin un dato obligatorio y crear otro válido sin anuncios.,La creación incompleta se rechaza; el sorteo válido se crea sin exigir anuncios.,DISEÑADA,PENDIENTE_IMPLEMENTACION
LOT-ORG-004,TST-ORG-004,P0,user-draws / numbers,Command: ExpandUserDrawRange concurrente,UserDrawRangeService,"user_draw_numbers UNIQUE(draw,number) y no mutación de existentes",PG-CONCURRENCY,apps/api/test/postgres/concurrency/lot-org-004.pg-spec.ts,[LOT-ORG-004] Ampliar rango con participantes existentes y tratar de reutilizar un número ocupado.,Ampliar rango con participantes existentes y tratar de reutilizar un número ocupado.,La expansión añade solo nuevos números; el ocupado permanece intacto.,DISEÑADA,PENDIENTE_IMPLEMENTACION
LOT-ORG-006,TST-ORG-006,P0,user-draw-finance,Command: BuyParticipation,UserDrawParticipationPaymentService,"user_draw_participations, user_draw_escrows, commission-held/escrow accounts y ledger 5/95",UNIT-MONEY + PG,packages/money/src/__tests__/rules/lot-org-006.spec.ts,"[LOT-ORG-006] Confirmar una participación de 100,00 VIRTUAL y luego cancelar antes de la liquidación.","Confirmar una participación de 100,00 VIRTUAL y luego cancelar antes de la liquidación.","Se registran 5,00 retenidos y 95,00 en custodia; al cancelar, ambos componentes se revierten una sola vez y el pagador recupera 100,00.",DISEÑADA,PENDIENTE_IMPLEMENTACION
LOT-ORG-007,TST-ORG-007,P0,user-draws / announcements,Query/CreateAnnouncement con distintos sujetos,UserDrawAnnouncementPolicy,user_draw_announcements y relación participant/organizer/admin,API-E2E,apps/api/test/rules/org/lot-org-007.e2e-spec.ts,[LOT-ORG-007] Consultar anuncios como usuario externo.,Consultar anuncios como usuario externo.,La API no devuelve el contenido.,DISEÑADA,PENDIENTE_IMPLEMENTACION
LOT-ORG-008,TST-ORG-008,P0,user-draws / cancellation,Command/Job: CancelUserDraw,UserDrawCancellationService,"user_draws, participations, escrow/commission, refunds y ledger",WORKER-PG + API-E2E,apps/worker/test/rules/org/lot-org-008.e2e-spec.ts,[LOT-ORG-008] Cancelar con varias participaciones y reintentar el job.,Cancelar con varias participaciones y reintentar el job.,Cada participante recibe un único reembolso total; escrow y comisión quedan revertidos o compensados de forma balanceada.,DISEÑADA,PENDIENTE_IMPLEMENTACION
LOT-ORG-009,TST-ORG-009,P0,user-draws / retention,Intentar DELETE de recursos con historia,UserDrawRetentionPolicy,"FK RESTRICT/soft status en draws, participations, numbers, codes, claims y ledger",PG-INTEGRATION,apps/api/test/postgres/rules/org/lot-org-009.pg-spec.ts,[LOT-ORG-009] Intentar borrar un sorteo con participantes.,Intentar borrar un sorteo con participantes.,La eliminación se rechaza; solo puede cambiar a estado histórico permitido.,DISEÑADA,PENDIENTE_IMPLEMENTACION
LOT-ORG-010,TST-ORG-010,P0,user-draws / codes,Command: IssueAccessCode sin cuenta destinataria,AccessCodeIssueService,user_draw_access_codes permite claimed_by_user_id NULL; secret_hash,API-E2E + PG,apps/api/test/postgres/rules/org/lot-org-010.pg-spec.ts,[LOT-ORG-010] Crear código sin usuario destinatario y reclamarlo luego de registrarse.,Crear código sin usuario destinatario y reclamarlo luego de registrarse.,El código se crea y posteriormente queda asociado al reclamante válido.,DISEÑADA,PENDIENTE_IMPLEMENTACION
LOT-ORG-011,TST-ORG-011,P0,user-draws / codes,Emitir código para uno y varios números,AccessCodeIssueService,user_draw_access_codes.price_total_minor + user_draw_access_code_numbers + locks de numbers,PG-INTEGRATION,apps/api/test/postgres/rules/org/lot-org-011.pg-spec.ts,"[LOT-ORG-011] Crear código sin sorteo/precio, con números repetidos o interpretar el precio total como precio por cada número.","Crear código sin sorteo/precio, con números repetidos o interpretar el precio total como precio por cada número.",La operación inválida se rechaza y el código conserva un único importe económico para todo su grupo.,DISEÑADA,PENDIENTE_IMPLEMENTACION
LOT-ORG-012,TST-ORG-012,P0,user-draws / codes,Reclamar código con comentario de otra persona,AccessCodeClaimService,optional_comment no crea FK/identidad reservada,API-E2E + PG,apps/api/test/postgres/rules/org/lot-org-012.pg-spec.ts,[LOT-ORG-012] Emitir “para Juan” y reclamar con otra cuenta válida.,Emitir “para Juan” y reclamar con otra cuenta válida.,"La reclamación depende del código y sus reglas, no del texto del comentario.",DISEÑADA,PENDIENTE_IMPLEMENTACION
LOT-ORG-013,TST-ORG-013,P0,user-draws / codes,Dos cuentas reclaman el mismo código,AccessCodeClaimService,"lock/estado RECLAMADO, unique claim y transacción",PG-CONCURRENCY,apps/api/test/postgres/concurrency/lot-org-013.pg-spec.ts,[LOT-ORG-013] Dos cuentas reclaman simultáneamente el mismo código.,Dos cuentas reclaman simultáneamente el mismo código.,Solo una queda asociada; la otra recibe código ya utilizado.,DISEÑADA,PENDIENTE_IMPLEMENTACION
LOT-ORG-014,TST-ORG-014,P0,user-draws / codes,Claim de código grupal,AccessCodeClaimService,"participations, user_draw_participation_numbers, code events y audit_events",PG-INTEGRATION,apps/api/test/postgres/rules/org/lot-org-014.pg-spec.ts,"[LOT-ORG-014] Reclamar códigos de uno y varios números, pagados y pendientes; repetir la reclamación y revisar ledger/snapshot.","Reclamar códigos de uno y varios números, pagados y pendientes; repetir la reclamación y revisar ledger/snapshot.",No hay doble cobro ni multiplicación del precio; cada número activo genera una entrada elegible separada en el snapshot.,DISEÑADA,PENDIENTE_IMPLEMENTACION
LOT-ORG-015,TST-ORG-015,P0,user-draws / codes,"Reutilización, uso tardío y dos expiraciones",AccessCodeExpiryJob,"codes/status/expires_at, code_numbers y liberación idempotente",PG-CONCURRENCY + WORKER,apps/worker/test/rules/org/lot-org-015.e2e-spec.ts,"[LOT-ORG-015] Reutilizar un código, reclamarlo después de expirar y ejecutar dos expiraciones concurrentes.","Reutilizar un código, reclamarlo después de expirar y ejecutar dos expiraciones concurrentes.",La reutilización y el uso tardío se rechazan; los números se liberan una sola vez.,DISEÑADA,PENDIENTE_IMPLEMENTACION
LOT-ORG-016,TST-ORG-016,P0,user-draws / timeline,Query: OrganizerTimeline tras todos los movimientos,UserDrawTimelineService,"event tables de codes, participations, number changes, claims, escrow y audit",API-E2E + PG,apps/api/test/postgres/rules/org/lot-org-016.pg-spec.ts,[LOT-ORG-016] Ejecutar cada movimiento y consultar historial.,Ejecutar cada movimiento y consultar historial.,"Todos aparecen en orden con actor, fecha y referencia.",DISEÑADA,PENDIENTE_IMPLEMENTACION
LOT-ORG-017,TST-ORG-017,P0,user-draws / participations,ChangeNumber/BuyAdditional en fronteras,ParticipationNumberService,"user_draw_participation_numbers, user_draw_number_changes y user_draw_numbers",PG-CONCURRENCY + API-E2E,apps/api/test/postgres/concurrency/lot-org-017.pg-spec.ts,"[LOT-ORG-017] Cambiar después del cierre, cambiar a número ocupado, cambiar un número dentro de una participación grupal y comprar adicional un segundo antes/después del cierre.","Cambiar después del cierre, cambiar a número ocupado, cambiar un número dentro de una participación grupal y comprar adicional un segundo antes/después del cierre.",Solo operaciones anteriores al cierre y con números disponibles se confirman; todo cambio conserva asignación anterior y nueva sin alterar el precio total histórico.,DISEÑADA,PENDIENTE_IMPLEMENTACION
LOT-ORG-018,TST-ORG-018,P0,user-draws / moderation,Command: ExpelParticipant antes/después del cierre,ParticipantExpulsionService,"participations, numbers, refunds, escrow/commission events y audit",API-E2E + PG,apps/api/test/postgres/rules/org/lot-org-018.pg-spec.ts,[LOT-ORG-018] Expulsar antes y después del cierre a un participante pagado.,Expulsar antes y después del cierre a un participante pagado.,Antes del cierre se reembolsa y libera una sola vez; después del cierre la acción directa se rechaza.,DISEÑADA,PENDIENTE_IMPLEMENTACION
LOT-ORG-019,TST-ORG-019,P0,user-draws / participations,Command: AbandonParticipation por estado de pago,ParticipationAbandonmentService,"payment/relation/eligibility status, assignments y history",API-E2E + PG,apps/api/test/postgres/rules/org/lot-org-019.pg-spec.ts,"[LOT-ORG-019] Abandonar una participación pendiente, una pagada y otra después del cierre.","Abandonar una participación pendiente, una pagada y otra después del cierre.",La pendiente libera el número; la pagada conserva número y elegibilidad sin reembolso; la posterior al cierre se rechaza.,DISEÑADA,PENDIENTE_IMPLEMENTACION
LOT-ORG-020,TST-ORG-020,P0,user-draws / claims,Create/ResolveClaim en plazo y por actor,UserDrawClaimService,"user_draw_claims/evidence, permissions y fechas límite",API-E2E + PG,apps/api/test/postgres/rules/org/lot-org-020.pg-spec.ts,[LOT-ORG-020] Crear reclamo dentro y fuera del plazo y tratar de resolverlo como Organizador.,Crear reclamo dentro y fuera del plazo y tratar de resolverlo como Organizador.,El reclamo oportuno se admite; el tardío se rechaza salvo reapertura administrativa motivada; el Organizador no puede resolver.,DISEÑADA,PENDIENTE_IMPLEMENTACION
LOT-ORG-021,TST-ORG-021,P0,user-draws / claims,Resolve/Appeal/CloseClaim,ClaimWorkflowService,"claim_status, user_draw_claim_events, decisión inmutable y compensación enlazada",PG-INTEGRATION + API-E2E,apps/api/test/postgres/rules/org/lot-org-021.pg-spec.ts,"[LOT-ORG-021] Resolver, apelar dentro/fuera de plazo y consultar el historial completo.","Resolver, apelar dentro/fuera de plazo y consultar el historial completo.",Solo transiciones y apelaciones válidas se aceptan; nunca se pierde ni reescribe el historial original.,DISEÑADA,PENDIENTE_IMPLEMENTACION
LOT-ORG-022,TST-ORG-022,P0,user-draws / result,Dos jobs GenerateUserDrawResult + participación grupal,UserDrawResultJob,"user_draw_snapshots/entries, participation_numbers y user_draw_results UQ",PG-CONCURRENCY + WORKER,apps/worker/test/rules/org/lot-org-022.e2e-spec.ts,"[LOT-ORG-022] Reintentar la generación, usar una participación con varios números, alterar el conjunto después del cierre y verificar hashes/alcance de la evidencia.","Reintentar la generación, usar una participación con varios números, alterar el conjunto después del cierre y verificar hashes/alcance de la evidencia.",Existe un único número ganador perteneciente al snapshot; cada número elegible tiene una entrada; los reintentos devuelven el mismo resultado y cualquier alteración del conjunto/resultado se detecta sin confundirlo con commit-reveal oficial.,DISEÑADA,PENDIENTE_IMPLEMENTACION
LOT-ORG-023,TST-ORG-023,P0,user-draws / delivery,Publish sin evidencia; confirmar/incumplir entrega,UserDrawDeliveryService,"prize_evidence, delivery_records, claims y escrow hold",API-E2E + PG,apps/api/test/postgres/rules/org/lot-org-023.pg-spec.ts,"[LOT-ORG-023] Publicar sin evidencia, confirmar entrega y simular incumplimiento con reclamo aceptado.","Publicar sin evidencia, confirmar entrega y simular incumplimiento con reclamo aceptado.",Sin evidencia no se publica; la entrega queda trazada; el incumplimiento impide liquidar y habilita compensación.,DISEÑADA,PENDIENTE_IMPLEMENTACION
LOT-ORG-024,TST-ORG-024,P0,user-draws / immutability,UpdateUserDraw tras first_payment_at,UserDrawMutationPolicy,user_draws.first_payment_at y lista blanca; numbers previos inmutables,API-E2E + PG,apps/api/test/postgres/rules/org/lot-org-024.pg-spec.ts,"[LOT-ORG-024] Intentar cambiar precio, premio, visibilidad, cierre y luego publicar un anuncio/ampliar rango.","Intentar cambiar precio, premio, visibilidad, cierre y luego publicar un anuncio/ampliar rango.",Los cambios económicos o estructurales se rechazan; anuncio y ampliación válida pueden confirmarse.,DISEÑADA,PENDIENTE_IMPLEMENTACION
LOT-ORG-025,TST-ORG-025,P0,user-draws / escrow,ReleaseEscrow concurrente + compensación posterior,UserDrawEscrowSettlementService,"user_draw_escrows/events, ledger accounts, terminal LIBERADA y cuenta de compensación",PG-CONCURRENCY + WORKER,apps/worker/test/rules/org/lot-org-025.e2e-spec.ts,"[LOT-ORG-025] Intentar retirar antes de entrega, liberar tras confirmación, repetir la orden y ordenar una compensación después de `LIBERADA`.","Intentar retirar antes de entrega, liberar tras confirmación, repetir la orden y ordenar una compensación después de `LIBERADA`.",El retiro anticipado se rechaza; la liquidación ocurre una sola vez; una compensación posterior no modifica el escrow liquidado y acredita al afectado mediante operación separada y balanceada.,DISEÑADA,PENDIENTE_IMPLEMENTACION
LOT-ORG-026,TST-ORG-026,P1,identity / excluded-feature,Intentar iniciar verificación automática de cédula,IdentityFeaturePolicy,ausencia de tablas/campos de imagen/validación de cédula; feature flag deshabilitada,SCHEMA + API-E2E,scripts/tests/rules/lot-org-026.spec.mjs,[LOT-ORG-026] Intentar activar el flujo de cédula en MVP.,Intentar activar el flujo de cédula en MVP.,El flujo no está disponible y no se recopilan datos adicionales de identidad.,DISEÑADA,PENDIENTE_IMPLEMENTACION
LOT-AUD-001,TST-AUD-001,P0,audit,Operaciones críticas y búsqueda por correlation_id,AuditService,"audit_events con actor, mode, resource, reason, correlation_id y occurred_at",API-E2E + PG,apps/api/test/postgres/rules/aud/lot-aud-001.pg-spec.ts,[LOT-AUD-001] Ejecutar operaciones críticas y buscar auditoría por correlation_id.,Ejecutar operaciones críticas y buscar auditoría por correlation_id.,Cada operación posee un evento correlacionado suficiente para reconstrucción.,DISEÑADA,PENDIENTE_IMPLEMENTACION
LOT-AUD-002,TST-AUD-002,P0,audit / security,Petición fallida con secretos,AuditSanitizer,allowlist de audit_events/security_events y logs; no secretos,SECURITY-E2E,apps/api/test/security/rules/lot-aud-002.e2e-spec.ts,[LOT-AUD-002] Enviar secretos en una petición fallida y revisar logs.,Enviar secretos en una petición fallida y revisar logs.,Los secretos no aparecen; los metadatos necesarios sí.,DISEÑADA,PENDIENTE_IMPLEMENTACION
LOT-AUD-003,TST-AUD-003,P0,admin,Comando administrativo sin reason,AdministrativeCommandGuard,reason NOT NULL/no vacío cuando aplica + audit_events,API-E2E + PG,apps/api/test/postgres/rules/aud/lot-aud-003.pg-spec.ts,[LOT-AUD-003] Ejecutar acción administrativa sin motivo.,Ejecutar acción administrativa sin motivo.,La API rechaza la acción.,DISEÑADA,PENDIENTE_IMPLEMENTACION
LOT-AUD-004,TST-AUD-004,P0,worker / jobs,Reiniciar worker durante job crítico,PersistentJobRunner,"scheduled_jobs, job_runs, outbox/inbox e idempotencia del efecto",WORKER-PG + RESILIENCIA,apps/worker/test/rules/aud/lot-aud-004.e2e-spec.ts,[LOT-AUD-004] Reiniciar worker durante un job.,Reiniciar worker durante un job.,El job continúa o reintenta sin duplicar efectos.,DISEÑADA,PENDIENTE_IMPLEMENTACION
LOT-AUD-005,TST-AUD-005,P0,concurrency,Eliminar lock Redis durante compra,PostgresConcurrencyGuard,"UNIQUE, row locks y transacciones PostgreSQL sobre recurso crítico",PG-CONCURRENCY,apps/api/test/postgres/concurrency/lot-aud-005.pg-spec.ts,[LOT-AUD-005] Eliminar lock Redis durante compras simultáneas.,Eliminar lock Redis durante compras simultáneas.,La base sigue impidiendo doble venta o doble pago.,DISEÑADA,PENDIENTE_IMPLEMENTACION
LOT-AUD-006,TST-AUD-006,P0,security / rate-limit,"Ráfagas en login, code claim, purchase y conversion",RateLimitService,security_events; ninguna fila de negocio duplicada,SECURITY-E2E,apps/api/test/security/rules/lot-aud-006.e2e-spec.ts,[LOT-AUD-006] Enviar ráfagas sobre login y claim de código.,Enviar ráfagas sobre login y claim de código.,Las solicitudes abusivas se limitan sin ejecutar efectos múltiples.,DISEÑADA,PENDIENTE_IMPLEMENTACION
LOT-AUD-007,TST-AUD-007,P0,migrations / CI,Alterar migración aplicada,MigrationIntegrityCheck,prisma/migrations checksums + estrategia forward/compensatoria,CI-MIGRATION,scripts/tests/rules/lot-aud-007.spec.mjs,[LOT-AUD-007] Modificar una migración aplicada y ejecutar CI.,Modificar una migración aplicada y ejecutar CI.,La revisión/CI lo detecta y exige una nueva migración.,DISEÑADA,PENDIENTE_IMPLEMENTACION
LOT-AUD-008,TST-AUD-008,P0,traceability / CI,Ejecutar verificador regla→prueba,RuleTestTraceabilityCheck,MATRIZ-REGLA-PRUEBA.csv + metadatos @rule en tests,CI-TRACEABILITY,scripts/tests/rules/lot-aud-008.spec.mjs,[LOT-AUD-008] Ejecutar verificador de cobertura de trazabilidad.,Ejecutar verificador de cobertura de trazabilidad.,Ninguna regla crítica queda sin test asociado.,DISEÑADA,PENDIENTE_IMPLEMENTACION
LOT-AUD-009,TST-AUD-009,P0,architecture / migrations,Añadir campo/comportamiento sin regla o ADR,SchemaGovernanceCheck,diff del diccionario/schema y checklist de decisiones abiertas,CI-MIGRATION,scripts/tests/rules/lot-aud-009.spec.mjs,[LOT-AUD-009] Intentar modelar un campo cuyo comportamiento no está definido.,Intentar modelar un campo cuyo comportamiento no está definido.,Se bloquea la migración hasta aprobar la decisión o excluir el flujo.,DISEÑADA,PENDIENTE_IMPLEMENTACION
